<?xml version="1.0" encoding="utf-8"?>
<Server port="9001" shutdown="SHUTDOWN">
  <Listener className="org.apache.catalina.core.AprLifecycleListener" SSLEngine="off" />
  <!--Listener className="org.apache.catalina.core.JasperListener" /-->
  <Listener className="org.apache.catalina.core.JreMemoryLeakPreventionListener" />
  <Listener className="org.apache.catalina.mbeans.GlobalResourcesLifecycleListener" />
  <Listener className="org.apache.catalina.core.ThreadLocalLeakPreventionListener" />

  <Service name="Catalina">
    <Executor name="tomcatThreadPool" namePrefix="catalina-exec-" maxThreads="128" minSpareThreads="8"/>

  <Connector	 executor="tomcatThreadPool" port="8005" protocol="org.apache.coyote.http11.Http11AprProtocol"  maxHttpHeaderSize="8192" useBodyEncodingForURI="true" acceptCount="4096" keepAliveTimeout="60000"  maxKeepAliveRequests="256" enableLookups="false" connectionTimeout="20000" disableUploadTimeout="true" URIEncoding="UTF-8" address="localhost" />
               
     
    
    <Engine name="Catalina" defaultHost="localhost">
    
      <Host name="localhost"  appBase="webapps" unpackWARs="false" autoDeploy="false">
            <Context path="" docBase="/data/wwwroot/nubia_theme_api_8005" reloadable="false" crossContext="false" privileged="true" workDir="work/nubia_theme_api_8005"/>
      </Host>
    </Engine>
  </Service>
</Server>
